acao;evento;timestamp;tabela;origem;destino;mascara;gateway
+R;0;0;6;145.236.0.1;127.0.0.0;8;<unspec>
+R;0;0;6;145.236.0.1;145.236.0.0;16;<unspec>
+R;0;0;7;145.236.0.2;127.0.0.0;8;<unspec>
+R;0;0;7;145.236.0.2;145.236.0.0;16;<unspec>
+R;0;0;8;145.236.0.3;127.0.0.0;8;<unspec>
+R;0;0;8;145.236.0.3;145.236.0.0;16;<unspec>
+R;0;0;9;145.236.0.4;127.0.0.0;8;<unspec>
+R;0;0;9;145.236.0.4;145.236.0.0;16;<unspec>
+R;0;0;10;145.236.0.5;127.0.0.0;8;<unspec>
+R;0;0;10;145.236.0.5;145.236.0.0;16;<unspec>
+R;0;0;11;145.236.0.6;127.0.0.0;8;<unspec>
+R;0;0;11;145.236.0.6;145.236.0.0;16;<unspec>
+R;0;0;12;145.236.0.7;127.0.0.0;8;<unspec>
+R;0;0;12;145.236.0.7;145.236.0.0;16;<unspec>
+R;0;0;13;145.236.0.8;127.0.0.0;8;<unspec>
+R;0;0;13;145.236.0.8;145.236.0.0;16;<unspec>
+R;0;0;14;145.236.0.9;127.0.0.0;8;<unspec>
+R;0;0;14;145.236.0.9;145.236.0.0;16;<unspec>
+R;0;0;15;145.236.0.10;127.0.0.0;8;<unspec>
+R;0;0;15;145.236.0.10;145.236.0.0;16;<unspec>
+R;0;0;16;145.236.0.11;127.0.0.0;8;<unspec>
+R;0;0;16;145.236.0.11;145.236.0.0;16;<unspec>
+R;0;0;17;145.236.0.12;127.0.0.0;8;<unspec>
+R;0;0;17;145.236.0.12;145.236.0.0;16;<unspec>
+R;0;0;18;145.236.0.13;127.0.0.0;8;<unspec>
+R;0;0;18;145.236.0.13;145.236.0.0;16;<unspec>
+R;0;0;19;145.236.0.14;127.0.0.0;8;<unspec>
+R;0;0;19;145.236.0.14;145.236.0.0;16;<unspec>
+R;0;0;20;145.236.0.15;127.0.0.0;8;<unspec>
+R;0;0;20;145.236.0.15;145.236.0.0;16;<unspec>
+R;0;0;21;145.236.0.16;127.0.0.0;8;<unspec>
+R;0;0;21;145.236.0.16;145.236.0.0;16;<unspec>
+R;0;0;22;145.236.0.17;127.0.0.0;8;<unspec>
+R;0;0;22;145.236.0.17;145.236.0.0;16;<unspec>
+R;0;0;23;145.236.0.18;127.0.0.0;8;<unspec>
+R;0;0;23;145.236.0.18;145.236.0.0;16;<unspec>
+R;0;0;24;145.236.0.19;127.0.0.0;8;<unspec>
+R;0;0;24;145.236.0.19;145.236.0.0;16;<unspec>
+R;0;0;25;145.236.0.20;127.0.0.0;8;<unspec>
+R;0;0;25;145.236.0.20;145.236.0.0;16;<unspec>
+R;691;3.198566255482;10;145.236.0.5;145.236.0.1;32;145.236.0.1
+R;696;3.198566806869;21;145.236.0.16;145.236.0.1;32;145.236.0.1
+R;761;3.202490225438;6;145.236.0.1;145.236.0.5;32;145.236.0.5
+R;766;3.202490771776;21;145.236.0.16;145.236.0.5;32;145.236.0.5
+R;813;3.203136705061;10;145.236.0.5;145.236.0.16;32;145.236.0.16
+R;818;3.203136710062;6;145.236.0.1;145.236.0.16;32;145.236.0.16
+R;823;3.203136756677;16;145.236.0.11;145.236.0.16;32;145.236.0.16
+R;823;3.203136756677;16;145.236.0.11;145.236.0.1;32;145.236.0.16
+R;828;3.203136959286;13;145.236.0.8;145.236.0.16;32;145.236.0.16
+R;828;3.203136959286;13;145.236.0.8;145.236.0.1;32;145.236.0.16
+R;1095;3.524156115687;11;145.236.0.6;145.236.0.8;32;145.236.0.8
+R;1095;3.524156115687;11;145.236.0.6;145.236.0.1;32;145.236.0.8
+R;1100;3.524156315472;12;145.236.0.7;145.236.0.8;32;145.236.0.8
+R;1100;3.524156315472;12;145.236.0.7;145.236.0.1;32;145.236.0.8
+R;1105;3.524156594226;8;145.236.0.3;145.236.0.8;32;145.236.0.8
+R;1105;3.524156594226;8;145.236.0.3;145.236.0.1;32;145.236.0.8
+R;1110;3.524156706841;21;145.236.0.16;145.236.0.8;32;145.236.0.8
+R;1179;3.5262742668;20;145.236.0.15;145.236.0.11;32;145.236.0.11
+R;1179;3.5262742668;20;145.236.0.15;145.236.0.1;32;145.236.0.11
+R;1184;3.526274309753;21;145.236.0.16;145.236.0.11;32;145.236.0.11
+R;1189;3.526274399731;18;145.236.0.13;145.236.0.11;32;145.236.0.11
+R;1189;3.526274399731;18;145.236.0.13;145.236.0.1;32;145.236.0.11
+R;1194;3.526274416377;17;145.236.0.12;145.236.0.11;32;145.236.0.11
+R;1194;3.526274416377;17;145.236.0.12;145.236.0.1;32;145.236.0.11
+R;1199;3.526274440954;24;145.236.0.19;145.236.0.11;32;145.236.0.11
+R;1199;3.526274440954;24;145.236.0.19;145.236.0.1;32;145.236.0.11
+R;1204;3.526274493044;25;145.236.0.20;145.236.0.11;32;145.236.0.11
+R;1204;3.526274493044;25;145.236.0.20;145.236.0.1;32;145.236.0.11
+R;1209;3.526274498927;9;145.236.0.4;145.236.0.11;32;145.236.0.11
+R;1209;3.526274498927;9;145.236.0.4;145.236.0.1;32;145.236.0.11
+R;1214;3.526274511772;12;145.236.0.7;145.236.0.11;32;145.236.0.11
+R;1233;3.526427150097;14;145.236.0.9;145.236.0.3;32;145.236.0.3
+R;1233;3.526427150097;14;145.236.0.9;145.236.0.1;32;145.236.0.3
+R;1238;3.526427201692;13;145.236.0.8;145.236.0.3;32;145.236.0.3
+R;1243;3.526427228322;11;145.236.0.6;145.236.0.3;32;145.236.0.3
+R;1287;3.526906422802;8;145.236.0.3;145.236.0.19;32;145.236.0.19
+R;1292;3.526906435413;17;145.236.0.12;145.236.0.19;32;145.236.0.19
+R;1297;3.526906528982;12;145.236.0.7;145.236.0.19;32;145.236.0.19
+R;1302;3.526906578376;22;145.236.0.17;145.236.0.19;32;145.236.0.19
+R;1302;3.526906578376;22;145.236.0.17;145.236.0.1;32;145.236.0.19
+R;1307;3.526906748584;15;145.236.0.10;145.236.0.19;32;145.236.0.19
+R;1307;3.526906748584;15;145.236.0.10;145.236.0.1;32;145.236.0.19
+R;1312;3.526906757686;16;145.236.0.11;145.236.0.19;32;145.236.0.19
+R;1317;3.526906821126;19;145.236.0.14;145.236.0.19;32;145.236.0.19
+R;1317;3.526906821126;19;145.236.0.14;145.236.0.1;32;145.236.0.19
+R;1383;3.527622154679;13;145.236.0.8;145.236.0.6;32;145.236.0.6
+R;1388;3.527622438761;12;145.236.0.7;145.236.0.6;32;145.236.0.6
+R;1393;3.52762265977;8;145.236.0.3;145.236.0.6;32;145.236.0.6
+R;1398;3.527622739077;14;145.236.0.9;145.236.0.6;32;145.236.0.6
+R;1445;3.527734290642;11;145.236.0.6;145.236.0.7;32;145.236.0.7
+R;1450;3.527734309214;24;145.236.0.19;145.236.0.7;32;145.236.0.7
+R;1456;3.527734608646;16;145.236.0.11;145.236.0.7;32;145.236.0.7
+R;1499;3.527985903833;18;145.236.0.13;145.236.0.4;32;145.236.0.4
+R;1504;3.527986102446;23;145.236.0.18;145.236.0.4;32;145.236.0.4
+R;1504;3.527986102446;23;145.236.0.18;145.236.0.1;32;145.236.0.4
+R;1509;3.527986180626;20;145.236.0.15;145.236.0.4;32;145.236.0.4
+R;1514;3.527986202044;7;145.236.0.2;145.236.0.4;32;145.236.0.4
+R;1514;3.527986202044;7;145.236.0.2;145.236.0.1;32;145.236.0.4
+R;1524;3.527986426179;17;145.236.0.12;145.236.0.4;32;145.236.0.4
+R;1529;3.527986521005;19;145.236.0.14;145.236.0.4;32;145.236.0.4
+R;1566;3.528110196191;9;145.236.0.4;145.236.0.13;32;145.236.0.13
+R;1575;3.528110783421;16;145.236.0.11;145.236.0.13;32;145.236.0.13
+R;1580;3.528110878498;25;145.236.0.20;145.236.0.13;32;145.236.0.13
+R;1657;3.52881048138;18;145.236.0.13;145.236.0.15;32;145.236.0.15
+R;1662;3.528810603042;9;145.236.0.4;145.236.0.15;32;145.236.0.15
+R;1667;3.528810740233;25;145.236.0.20;145.236.0.15;32;145.236.0.15
+R;1672;3.528810780647;16;145.236.0.11;145.236.0.15;32;145.236.0.15
+R;1677;3.528810911145;23;145.236.0.18;145.236.0.15;32;145.236.0.15
+R;1682;3.528811013261;7;145.236.0.2;145.236.0.15;32;145.236.0.15
+R;1687;3.528811022776;17;145.236.0.12;145.236.0.15;32;145.236.0.15
+R;1729;3.53108171079;24;145.236.0.19;145.236.0.12;32;145.236.0.12
+R;1734;3.531081750698;19;145.236.0.14;145.236.0.12;32;145.236.0.12
+R;1739;3.531081767982;15;145.236.0.10;145.236.0.12;32;145.236.0.12
+R;1744;3.531081778252;22;145.236.0.17;145.236.0.12;32;145.236.0.12
+R;1749;3.53108182212;23;145.236.0.18;145.236.0.12;32;145.236.0.12
+R;1754;3.531081851226;7;145.236.0.2;145.236.0.12;32;145.236.0.12
+R;1759;3.531081927314;9;145.236.0.4;145.236.0.12;32;145.236.0.12
+R;1764;3.53108194424;18;145.236.0.13;145.236.0.12;32;145.236.0.12
+R;1769;3.531082008692;16;145.236.0.11;145.236.0.12;32;145.236.0.12
+R;1774;3.531082101321;20;145.236.0.15;145.236.0.12;32;145.236.0.12
+R;1813;3.531441344358;20;145.236.0.15;145.236.0.20;32;145.236.0.20
+R;1818;3.531441611015;16;145.236.0.11;145.236.0.20;32;145.236.0.20
+R;1823;3.531441612582;18;145.236.0.13;145.236.0.20;32;145.236.0.20
*R;2347;4.006940241873;19;145.236.0.14;145.236.0.1;32;145.236.0.12
*R;2352;4.006940264643;15;145.236.0.10;145.236.0.1;32;145.236.0.12
*R;2357;4.006940268078;22;145.236.0.17;145.236.0.1;32;145.236.0.12
*R;2362;4.00694031704;23;145.236.0.18;145.236.0.1;32;145.236.0.12
*R;2367;4.0069403569;7;145.236.0.2;145.236.0.1;32;145.236.0.12
+R;2473;4.007132619976;12;145.236.0.7;145.236.0.3;32;145.236.0.3
+R;2568;4.007389722075;7;145.236.0.2;145.236.0.14;32;145.236.0.14
+R;2575;4.007389801057;17;145.236.0.12;145.236.0.14;32;145.236.0.14
+R;2581;4.007390125701;24;145.236.0.19;145.236.0.14;32;145.236.0.14
+R;2684;4.00800862234;8;145.236.0.3;145.236.0.7;32;145.236.0.7
+R;2689;4.008008714064;13;145.236.0.8;145.236.0.7;32;145.236.0.7
+R;2704;4.008009102939;14;145.236.0.9;145.236.0.7;32;145.236.0.7
+R;2792;4.009129633757;19;145.236.0.14;145.236.0.10;32;145.236.0.10
+R;2797;4.009129770236;22;145.236.0.17;145.236.0.10;32;145.236.0.10
+R;2802;4.009129962308;17;145.236.0.12;145.236.0.10;32;145.236.0.10
+R;2807;4.009130021292;7;145.236.0.2;145.236.0.10;32;145.236.0.10
+R;2812;4.009130068296;23;145.236.0.18;145.236.0.10;32;145.236.0.10
+R;2817;4.009130209714;24;145.236.0.19;145.236.0.10;32;145.236.0.10
+R;2922;4.010765233839;20;145.236.0.15;145.236.0.13;32;145.236.0.13
+R;2927;4.010765427284;23;145.236.0.18;145.236.0.13;32;145.236.0.13
+R;2932;4.010765525127;7;145.236.0.2;145.236.0.13;32;145.236.0.13
+R;2937;4.010765662108;17;145.236.0.12;145.236.0.13;32;145.236.0.13
+R;3085;4.01137237348;8;145.236.0.3;145.236.0.9;32;145.236.0.9
+R;3090;4.011372529318;12;145.236.0.7;145.236.0.9;32;145.236.0.9
+R;3095;4.011372546427;11;145.236.0.6;145.236.0.9;32;145.236.0.9
+R;3117;4.011451665317;15;145.236.0.10;145.236.0.17;32;145.236.0.17
+R;3122;4.011451807687;19;145.236.0.14;145.236.0.17;32;145.236.0.17
+R;3128;4.011451918046;24;145.236.0.19;145.236.0.17;32;145.236.0.17
+R;3174;4.012074193547;7;145.236.0.2;145.236.0.18;32;145.236.0.18
+R;3179;4.012074431457;9;145.236.0.4;145.236.0.18;32;145.236.0.18
+R;3184;4.012074533323;19;145.236.0.14;145.236.0.18;32;145.236.0.18
+R;3189;4.012074541485;18;145.236.0.13;145.236.0.18;32;145.236.0.18
+R;3194;4.012074635187;17;145.236.0.12;145.236.0.18;32;145.236.0.18
+R;3199;4.012074688648;15;145.236.0.10;145.236.0.18;32;145.236.0.18
+R;3204;4.012074792235;20;145.236.0.15;145.236.0.18;32;145.236.0.18
+R;3209;4.012074918211;22;145.236.0.17;145.236.0.18;32;145.236.0.18
+R;3466;4.528823533217;9;145.236.0.4;145.236.0.2;32;145.236.0.2
*R;3785;4.647911138578;12;145.236.0.7;145.236.0.1;32;145.236.0.11
*R;4005;4.65056719786;9;145.236.0.4;145.236.0.1;32;145.236.0.12
*R;4005;4.65056719786;9;145.236.0.4;145.236.0.1;32;145.236.0.12
+R;4024;4.650567320432;8;145.236.0.3;145.236.0.12;32;145.236.0.12
+R;4178;4.651632242079;17;145.236.0.12;145.236.0.17;32;145.236.0.17
+R;4188;4.651632568842;7;145.236.0.2;145.236.0.17;32;145.236.0.17
+R;4193;4.651632573488;8;145.236.0.3;145.236.0.17;32;145.236.0.17
+R;4198;4.65163257469;23;145.236.0.18;145.236.0.17;32;145.236.0.17
*R;4233;4.651654338475;14;145.236.0.9;145.236.0.1;32;145.236.0.7
+R;4417;4.653087035017;24;145.236.0.19;145.236.0.3;32;145.236.0.3
+R;4437;4.65308741579;22;145.236.0.17;145.236.0.3;32;145.236.0.3
+R;4442;4.653087417862;17;145.236.0.12;145.236.0.3;32;145.236.0.3
+R;4612;4.653825196302;15;145.236.0.10;145.236.0.14;32;145.236.0.14
+R;4622;4.653825838056;9;145.236.0.4;145.236.0.14;32;145.236.0.14
+R;5026;5.007778179829;17;145.236.0.12;145.236.0.2;32;145.236.0.2
+R;5690;6.009478491665;16;145.236.0.11;145.236.0.2;32;145.236.0.12
+R;5960;6.011913450573;21;145.236.0.16;145.236.0.2;32;145.236.0.11
*R;6011;6.012246068275;21;145.236.0.16;145.236.0.2;32;145.236.0.11
+R;6210;6.01569699003;6;145.236.0.1;145.236.0.2;32;145.236.0.16
*R;7805;6.519780273493;12;145.236.0.7;145.236.0.1;32;145.236.0.8
+R;7820;6.519780698315;16;145.236.0.11;145.236.0.8;32;145.236.0.8
+R;7960;6.521729467201;13;145.236.0.8;145.236.0.11;32;145.236.0.11
*R;8118;6.523875483614;22;145.236.0.17;145.236.0.1;32;145.236.0.19
*R;8133;6.523875712604;19;145.236.0.14;145.236.0.1;32;145.236.0.19
*R;8138;6.523875763585;15;145.236.0.10;145.236.0.1;32;145.236.0.19
*R;8185;6.524327355766;9;145.236.0.4;145.236.0.1;32;145.236.0.13
*R;8195;6.524327775222;23;145.236.0.18;145.236.0.1;32;145.236.0.13
*R;8200;6.524327837792;7;145.236.0.2;145.236.0.1;32;145.236.0.13
+R;8557;6.525487335929;12;145.236.0.7;145.236.0.12;32;145.236.0.12
*R;9073;7.001609065815;12;145.236.0.7;145.236.0.1;32;145.236.0.11
*R;9246;7.003009574771;8;145.236.0.3;145.236.0.1;32;145.236.0.19
*R;9246;7.003009574771;8;145.236.0.3;145.236.0.1;32;145.236.0.19
+R;9286;7.003144985645;18;145.236.0.13;145.236.0.2;32;145.236.0.2
+R;9390;7.003748760681;9;145.236.0.4;145.236.0.20;32;145.236.0.20
+R;9433;7.003805290002;25;145.236.0.20;145.236.0.4;32;145.236.0.4
*R;9765;7.005291353366;11;145.236.0.6;145.236.0.1;32;145.236.0.7
*R;9765;7.005291353366;11;145.236.0.6;145.236.0.1;32;145.236.0.7
+R;9781;7.005291714678;17;145.236.0.12;145.236.0.7;32;145.236.0.7
*R;10628;7.645930982385;9;145.236.0.4;145.236.0.1;32;145.236.0.15
*R;10638;7.645931440481;23;145.236.0.18;145.236.0.1;32;145.236.0.15
*R;10643;7.645931489099;7;145.236.0.2;145.236.0.1;32;145.236.0.15
*R;10704;7.646168969356;8;145.236.0.3;145.236.0.1;32;145.236.0.7
+R;10850;7.646769652729;20;145.236.0.15;145.236.0.2;32;145.236.0.2
*R;10962;7.647546264098;19;145.236.0.14;145.236.0.1;32;145.236.0.18
*R;10962;7.647546264098;19;145.236.0.14;145.236.0.1;32;145.236.0.18
*R;10967;7.647546345601;15;145.236.0.10;145.236.0.1;32;145.236.0.18
*R;10967;7.647546345601;15;145.236.0.10;145.236.0.1;32;145.236.0.18
*R;10992;7.64754670437;22;145.236.0.17;145.236.0.1;32;145.236.0.18
*R;10992;7.64754670437;22;145.236.0.17;145.236.0.1;32;145.236.0.18
+R;11644;7.651012180155;23;145.236.0.18;145.236.0.14;32;145.236.0.14
+R;11659;7.651012279988;22;145.236.0.17;145.236.0.14;32;145.236.0.14
*R;11933;8.00683446364;16;145.236.0.11;145.236.0.2;32;145.236.0.13
+R;14083;9.519133385164;12;145.236.0.7;145.236.0.16;32;145.236.0.16
*R;14083;9.519133385164;12;145.236.0.7;145.236.0.1;32;145.236.0.16
*R;14083;9.519133385164;12;145.236.0.7;145.236.0.1;32;145.236.0.16
*R;14132;9.519962287417;11;145.236.0.6;145.236.0.1;32;145.236.0.7
*R;14142;9.519962458091;8;145.236.0.3;145.236.0.1;32;145.236.0.7
*R;14147;9.519962565693;24;145.236.0.19;145.236.0.1;32;145.236.0.7
*R;14152;9.519962627705;17;145.236.0.12;145.236.0.1;32;145.236.0.7
*R;14157;9.519962695354;14;145.236.0.9;145.236.0.1;32;145.236.0.7
+R;14162;9.51996270932;21;145.236.0.16;145.236.0.7;32;145.236.0.7
*R;14256;9.522654349573;19;145.236.0.14;145.236.0.1;32;145.236.0.12
*R;14256;9.522654349573;19;145.236.0.14;145.236.0.1;32;145.236.0.12
*R;14261;9.522654410987;23;145.236.0.18;145.236.0.1;32;145.236.0.12
*R;14266;9.522654491789;22;145.236.0.17;145.236.0.1;32;145.236.0.12
*R;14266;9.522654491789;22;145.236.0.17;145.236.0.1;32;145.236.0.12
*R;14276;9.522654558675;15;145.236.0.10;145.236.0.1;32;145.236.0.12
*R;14276;9.522654558675;15;145.236.0.10;145.236.0.1;32;145.236.0.12
*R;14281;9.522654565114;7;145.236.0.2;145.236.0.1;32;145.236.0.12
*R;14290;9.522654565811;9;145.236.0.4;145.236.0.1;32;145.236.0.12
*R;14305;9.522654669231;20;145.236.0.15;145.236.0.1;32;145.236.0.12
*R;14305;9.522654669231;20;145.236.0.15;145.236.0.1;32;145.236.0.12
*R;14310;9.522654682623;18;145.236.0.13;145.236.0.1;32;145.236.0.12
*R;14310;9.522654682623;18;145.236.0.13;145.236.0.1;32;145.236.0.12
+R;14599;9.524702311086;23;145.236.0.18;145.236.0.19;32;145.236.0.19
+R;14894;9.528709302941;12;145.236.0.7;145.236.0.2;32;145.236.0.12
*R;15057;9.532572026129;21;145.236.0.16;145.236.0.2;32;145.236.0.7
+R;19436;16.196246849145;16;145.236.0.11;145.236.0.5;32;145.236.0.5
*R;19436;16.196246849145;16;145.236.0.11;145.236.0.1;32;145.236.0.5
*R;19673;16.517966014754;16;145.236.0.11;145.236.0.1;32;145.236.0.16
*R;19762;16.519795144425;11;145.236.0.6;145.236.0.1;32;145.236.0.8
+R;19772;16.519795555028;17;145.236.0.12;145.236.0.8;32;145.236.0.8
*R;19772;16.519795555028;17;145.236.0.12;145.236.0.1;32;145.236.0.8
+R;19801;16.520112009275;10;145.236.0.5;145.236.0.11;32;145.236.0.11
*R;19916;16.520737520057;8;145.236.0.3;145.236.0.1;32;145.236.0.6
*R;19916;16.520737520057;8;145.236.0.3;145.236.0.1;32;145.236.0.6
*R;20098;16.523587561785;24;145.236.0.19;145.236.0.1;32;145.236.0.12
*R;20098;16.523587561785;24;145.236.0.19;145.236.0.1;32;145.236.0.12
+R;20117;16.523587629906;25;145.236.0.20;145.236.0.12;32;145.236.0.12
*R;20117;16.523587629906;25;145.236.0.20;145.236.0.1;32;145.236.0.12
*R;20117;16.523587629906;25;145.236.0.20;145.236.0.1;32;145.236.0.12
+R;20122;16.523587633462;13;145.236.0.8;145.236.0.12;32;145.236.0.12
+R;20344;16.529160979459;13;145.236.0.8;145.236.0.2;32;145.236.0.12
-R;20355;16.529525287104;9;145.236.0.4;145.236.0.11;32;145.236.0.11
*R;20493;16.532070317784;21;145.236.0.16;145.236.0.2;32;145.236.0.8
-R;20994;16.651632568842;7;145.236.0.2;145.236.0.17;32;145.236.0.17
-R;21694;18.113239656571;7;145.236.0.2;145.236.0.15;32;145.236.0.15
-R;22129;18.296207102505;16;145.236.0.11;145.236.0.2;32;145.236.0.13
-R;22129;18.296207102505;16;145.236.0.11;145.236.0.13;32;145.236.0.13
-R;22207;18.523875841794;16;145.236.0.11;145.236.0.19;32;145.236.0.19
-R;22209;18.528823533217;9;145.236.0.4;145.236.0.2;32;145.236.0.2
-R;22314;19.002811866091;20;145.236.0.15;145.236.0.13;32;145.236.0.13
-R;22315;19.002811872032;9;145.236.0.4;145.236.0.13;32;145.236.0.13
-R;22316;19.002812312214;23;145.236.0.18;145.236.0.13;32;145.236.0.13
-R;22317;19.00281236599;7;145.236.0.2;145.236.0.13;32;145.236.0.13
-R;22318;19.00281240718;25;145.236.0.20;145.236.0.13;32;145.236.0.13
-R;22319;19.002812503389;17;145.236.0.12;145.236.0.13;32;145.236.0.13
-R;22320;19.006397311366;14;145.236.0.9;145.236.0.3;32;145.236.0.3
-R;22321;19.006397485712;13;145.236.0.8;145.236.0.3;32;145.236.0.3
-R;22840;19.644776285262;24;145.236.0.19;145.236.0.11;32;145.236.0.11
-R;22841;19.645930859737;18;145.236.0.13;145.236.0.15;32;145.236.0.15
-R;22842;19.645930982385;9;145.236.0.4;145.236.0.15;32;145.236.0.15
-R;22843;19.645931311899;25;145.236.0.20;145.236.0.15;32;145.236.0.15
-R;22844;19.645931440481;23;145.236.0.18;145.236.0.15;32;145.236.0.15
-R;22845;19.645931562193;17;145.236.0.12;145.236.0.15;32;145.236.0.15
-R;22846;19.64753002924;8;145.236.0.3;145.236.0.8;32;145.236.0.8
-R;22847;19.647546022139;7;145.236.0.2;145.236.0.18;32;145.236.0.18
-R;22848;19.647546264098;19;145.236.0.14;145.236.0.18;32;145.236.0.18
-R;22849;19.647546345601;15;145.236.0.10;145.236.0.18;32;145.236.0.18
-R;22850;19.647546366799;9;145.236.0.4;145.236.0.18;32;145.236.0.18
-R;22851;19.647546425544;17;145.236.0.12;145.236.0.18;32;145.236.0.18
-R;22852;19.647546492346;18;145.236.0.13;145.236.0.18;32;145.236.0.18
-R;22853;19.647546571092;20;145.236.0.15;145.236.0.18;32;145.236.0.18
-R;22854;19.64754670437;22;145.236.0.17;145.236.0.18;32;145.236.0.18
-R;22855;19.648689334249;19;145.236.0.14;145.236.0.10;32;145.236.0.10
-R;22856;19.648689640604;23;145.236.0.18;145.236.0.10;32;145.236.0.10
-R;22857;19.648689665484;7;145.236.0.2;145.236.0.10;32;145.236.0.10
-R;22858;19.648689683412;22;145.236.0.17;145.236.0.10;32;145.236.0.10
-R;22859;19.648689795015;17;145.236.0.12;145.236.0.10;32;145.236.0.10
-R;22860;19.648689922056;24;145.236.0.19;145.236.0.10;32;145.236.0.10
-R;22861;19.648849015054;12;145.236.0.7;145.236.0.3;32;145.236.0.3
-R;22863;19.649188361498;18;145.236.0.13;145.236.0.4;32;145.236.0.4
-R;22864;19.649188448411;20;145.236.0.15;145.236.0.4;32;145.236.0.4
-R;22865;19.649188702415;23;145.236.0.18;145.236.0.4;32;145.236.0.4
-R;22866;19.649188742137;7;145.236.0.2;145.236.0.4;32;145.236.0.4
-R;22867;19.649188930539;17;145.236.0.12;145.236.0.4;32;145.236.0.4
-R;22868;19.649188992162;25;145.236.0.20;145.236.0.4;32;145.236.0.4
-R;22869;19.649189036287;19;145.236.0.14;145.236.0.4;32;145.236.0.4
-R;22870;19.649585146462;24;145.236.0.19;145.236.0.17;32;145.236.0.17
-R;22871;19.649585207803;19;145.236.0.14;145.236.0.17;32;145.236.0.17
-R;22872;19.649585232385;15;145.236.0.10;145.236.0.17;32;145.236.0.17
-R;22873;19.649585300224;17;145.236.0.12;145.236.0.17;32;145.236.0.17
-R;22874;19.649585436679;8;145.236.0.3;145.236.0.17;32;145.236.0.17
-R;22875;19.649585548331;23;145.236.0.18;145.236.0.17;32;145.236.0.17
-R;22876;19.651011955414;15;145.236.0.10;145.236.0.14;32;145.236.0.14
-R;22877;19.651012180155;23;145.236.0.18;145.236.0.14;32;145.236.0.14
-R;22878;19.651012239179;7;145.236.0.2;145.236.0.14;32;145.236.0.14
-R;22879;19.651012278927;17;145.236.0.12;145.236.0.14;32;145.236.0.14
-R;22880;19.651012279988;22;145.236.0.17;145.236.0.14;32;145.236.0.14
-R;22881;19.651012441903;24;145.236.0.19;145.236.0.14;32;145.236.0.14
-R;22882;19.651012616878;9;145.236.0.4;145.236.0.14;32;145.236.0.14
-R;22974;20.013239843784;18;145.236.0.13;145.236.0.11;32;145.236.0.11
-R;22994;20.11371636867;20;145.236.0.15;145.236.0.11;32;145.236.0.11
-R;23495;20.648830228332;16;145.236.0.11;145.236.0.15;32;145.236.0.15
-R;23581;21.003144985645;18;145.236.0.13;145.236.0.2;32;145.236.0.2
-R;24081;21.519962458091;8;145.236.0.3;145.236.0.7;32;145.236.0.7
-R;24082;21.519962565693;24;145.236.0.19;145.236.0.7;32;145.236.0.7
-R;24083;21.522654491789;22;145.236.0.17;145.236.0.12;32;145.236.0.12
-R;24084;21.522654662348;8;145.236.0.3;145.236.0.12;32;145.236.0.12
-R;24085;21.523671449852;12;145.236.0.7;145.236.0.11;32;145.236.0.11
-R;24086;21.523671506986;21;145.236.0.16;145.236.0.11;32;145.236.0.11
-R;24087;21.523671564347;17;145.236.0.12;145.236.0.11;32;145.236.0.11
-R;24088;21.523671701644;25;145.236.0.20;145.236.0.11;32;145.236.0.11
-R;24089;21.524298819606;20;145.236.0.15;145.236.0.20;32;145.236.0.20
-R;24090;21.524298827377;18;145.236.0.13;145.236.0.20;32;145.236.0.20
-R;24091;21.524298950827;9;145.236.0.4;145.236.0.20;32;145.236.0.20
-R;24092;21.524299084493;16;145.236.0.11;145.236.0.20;32;145.236.0.20
-R;24093;21.524701869835;22;145.236.0.17;145.236.0.19;32;145.236.0.19
-R;24094;21.524701906902;17;145.236.0.12;145.236.0.19;32;145.236.0.19
-R;24095;21.524701984397;8;145.236.0.3;145.236.0.19;32;145.236.0.19
-R;24096;21.524702083598;19;145.236.0.14;145.236.0.19;32;145.236.0.19
-R;24097;21.524702221719;12;145.236.0.7;145.236.0.19;32;145.236.0.19
-R;24098;21.524702268653;15;145.236.0.10;145.236.0.19;32;145.236.0.19
-R;24099;21.524702311086;23;145.236.0.18;145.236.0.19;32;145.236.0.19
-R;24100;21.525170285205;13;145.236.0.8;145.236.0.6;32;145.236.0.6
-R;24101;21.525170680561;14;145.236.0.9;145.236.0.6;32;145.236.0.6
-R;24102;21.525193206778;24;145.236.0.19;145.236.0.3;32;145.236.0.3
-R;24103;21.525193369068;22;145.236.0.17;145.236.0.3;32;145.236.0.3
-R;24104;21.52519350664;11;145.236.0.6;145.236.0.3;32;145.236.0.3
-R;24105;21.525193534067;17;145.236.0.12;145.236.0.3;32;145.236.0.3
-R;24126;21.646769652729;20;145.236.0.15;145.236.0.2;32;145.236.0.2
-R;25980;24.802654491789;22;145.236.0.17;145.236.0.1;32;145.236.0.12
-R;26298;25.296207105767;12;145.236.0.7;145.236.0.2;32;145.236.0.12
-R;26298;25.296207105767;12;145.236.0.7;145.236.0.12;32;145.236.0.12
*R;26732;26.196686925312;12;145.236.0.7;145.236.0.1;32;145.236.0.1
*R;26732;26.196686925312;12;145.236.0.7;145.236.0.1;32;145.236.0.1
-R;26750;26.197637346276;17;145.236.0.12;145.236.0.7;32;145.236.0.7
*R;26853;26.199868593547;11;145.236.0.6;145.236.0.1;32;145.236.0.7
*R;26853;26.199868593547;11;145.236.0.6;145.236.0.1;32;145.236.0.7
+R;26902;26.200497321054;12;145.236.0.7;145.236.0.5;32;145.236.0.5
+R;26917;26.20049755167;13;145.236.0.8;145.236.0.5;32;145.236.0.5
*R;27095;26.521603358462;16;145.236.0.11;145.236.0.1;32;145.236.0.5
*R;27100;26.521603545862;13;145.236.0.8;145.236.0.1;32;145.236.0.5
+R;27159;26.522421832095;9;145.236.0.4;145.236.0.8;32;145.236.0.8
*R;27159;26.522421832095;9;145.236.0.4;145.236.0.1;32;145.236.0.8
*R;27159;26.522421832095;9;145.236.0.4;145.236.0.1;32;145.236.0.8
*R;27164;26.522421868296;11;145.236.0.6;145.236.0.1;32;145.236.0.8
*R;27164;26.522421868296;11;145.236.0.6;145.236.0.1;32;145.236.0.8
+R;27169;26.522421887321;10;145.236.0.5;145.236.0.8;32;145.236.0.8
+R;27179;26.522422072906;25;145.236.0.20;145.236.0.8;32;145.236.0.8
*R;27179;26.522422072906;25;145.236.0.20;145.236.0.1;32;145.236.0.8
*R;27179;26.522422072906;25;145.236.0.20;145.236.0.1;32;145.236.0.8
+R;27184;26.522422073782;19;145.236.0.14;145.236.0.8;32;145.236.0.8
*R;27184;26.522422073782;19;145.236.0.14;145.236.0.1;32;145.236.0.8
*R;27184;26.522422073782;19;145.236.0.14;145.236.0.1;32;145.236.0.8
+R;27340;26.523185872476;14;145.236.0.9;145.236.0.6;32;145.236.0.6
*R;27340;26.523185872476;14;145.236.0.9;145.236.0.1;32;145.236.0.6
*R;27340;26.523185872476;14;145.236.0.9;145.236.0.1;32;145.236.0.6
+R;27350;26.52318605066;13;145.236.0.8;145.236.0.6;32;145.236.0.6
+R;27355;26.523186052587;16;145.236.0.11;145.236.0.6;32;145.236.0.6
+R;27360;26.523186060973;22;145.236.0.17;145.236.0.6;32;145.236.0.6
+R;27360;26.523186060973;22;145.236.0.17;145.236.0.1;32;145.236.0.6
+R;27408;26.524158921033;20;145.236.0.15;145.236.0.14;32;145.236.0.14
*R;27408;26.524158921033;20;145.236.0.15;145.236.0.1;32;145.236.0.14
+R;27413;26.524159007539;9;145.236.0.4;145.236.0.14;32;145.236.0.14
+R;27418;26.524159105139;15;145.236.0.10;145.236.0.14;32;145.236.0.14
*R;27418;26.524159105139;15;145.236.0.10;145.236.0.1;32;145.236.0.14
+R;27423;26.524159118832;17;145.236.0.12;145.236.0.14;32;145.236.0.14
+R;27428;26.52415912741;7;145.236.0.2;145.236.0.14;32;145.236.0.14
*R;27428;26.52415912741;7;145.236.0.2;145.236.0.1;32;145.236.0.14
+R;27437;26.524159148051;23;145.236.0.18;145.236.0.14;32;145.236.0.14
*R;27437;26.524159148051;23;145.236.0.18;145.236.0.1;32;145.236.0.14
+R;27443;26.524159250019;25;145.236.0.20;145.236.0.14;32;145.236.0.14
+R;27448;26.524159348139;8;145.236.0.3;145.236.0.14;32;145.236.0.14
+R;27454;26.524159491948;13;145.236.0.8;145.236.0.14;32;145.236.0.14
+R;27596;26.52499650983;19;145.236.0.14;145.236.0.2;32;145.236.0.2
+R;27645;26.525649691861;17;145.236.0.12;145.236.0.4;32;145.236.0.4
+R;27650;26.525649905469;19;145.236.0.14;145.236.0.4;32;145.236.0.4
+R;27655;26.525649917833;25;145.236.0.20;145.236.0.4;32;145.236.0.4
+R;27660;26.525650015779;20;145.236.0.15;145.236.0.4;32;145.236.0.4
+R;27665;26.525650148141;13;145.236.0.8;145.236.0.4;32;145.236.0.4
+R;27670;26.52565030455;15;145.236.0.10;145.236.0.4;32;145.236.0.4
+R;27675;26.525650312089;7;145.236.0.2;145.236.0.4;32;145.236.0.4
+R;27680;26.52565032408;18;145.236.0.13;145.236.0.4;32;145.236.0.4
*R;27680;26.52565032408;18;145.236.0.13;145.236.0.1;32;145.236.0.4
+R;27685;26.525650361563;23;145.236.0.18;145.236.0.4;32;145.236.0.4
+R;27690;26.525650396188;8;145.236.0.3;145.236.0.4;32;145.236.0.4
+R;27729;26.526535066051;12;145.236.0.7;145.236.0.11;32;145.236.0.11
+R;27744;26.526535503179;21;145.236.0.16;145.236.0.11;32;145.236.0.11
+R;27749;26.526535595172;11;145.236.0.6;145.236.0.11;32;145.236.0.11
+R;27754;26.526535737956;17;145.236.0.12;145.236.0.11;32;145.236.0.11
+R;27992;26.527417378096;7;145.236.0.2;145.236.0.20;32;145.236.0.20
*R;28385;26.999947014905;16;145.236.0.11;145.236.0.1;32;145.236.0.16
*R;28390;26.999947309447;13;145.236.0.8;145.236.0.1;32;145.236.0.16
+R;28459;27.002524087032;10;145.236.0.5;145.236.0.7;32;145.236.0.7
*R;28474;27.002524418198;11;145.236.0.6;145.236.0.1;32;145.236.0.7
*R;28474;27.002524418198;11;145.236.0.6;145.236.0.1;32;145.236.0.7
+R;28479;27.00252450121;6;145.236.0.1;145.236.0.7;32;145.236.0.7
*R;28612;27.00387741972;17;145.236.0.12;145.236.0.1;32;145.236.0.11
*R;28679;27.004319889846;14;145.236.0.9;145.236.0.1;32;145.236.0.6
*R;28684;27.004320053639;8;145.236.0.3;145.236.0.1;32;145.236.0.6
*R;28689;27.004320061542;22;145.236.0.17;145.236.0.1;32;145.236.0.6
*R;28834;27.004835866499;13;145.236.0.8;145.236.0.2;32;145.236.0.14
+R;28852;27.004952014825;18;145.236.0.13;145.236.0.20;32;145.236.0.20
*R;28852;27.004952014825;18;145.236.0.13;145.236.0.1;32;145.236.0.20
+R;28858;27.004952153602;19;145.236.0.14;145.236.0.20;32;145.236.0.20
+R;28979;27.005584673662;22;145.236.0.17;145.236.0.9;32;145.236.0.9
+R;29156;27.006657393541;22;145.236.0.17;145.236.0.3;32;145.236.0.3
+R;29161;27.006657485691;24;145.236.0.19;145.236.0.3;32;145.236.0.3
*R;29161;27.006657485691;24;145.236.0.19;145.236.0.1;32;145.236.0.3
+R;29166;27.006657639317;23;145.236.0.18;145.236.0.3;32;145.236.0.3
+R;29171;27.006657762379;11;145.236.0.6;145.236.0.3;32;145.236.0.3
+R;29176;27.006657837799;19;145.236.0.14;145.236.0.3;32;145.236.0.3
+R;29181;27.00665796467;9;145.236.0.4;145.236.0.3;32;145.236.0.3
+R;29389;27.007600862353;8;145.236.0.3;145.236.0.17;32;145.236.0.17
+R;29394;27.007600877618;24;145.236.0.19;145.236.0.17;32;145.236.0.17
+R;29399;27.00760123898;11;145.236.0.6;145.236.0.17;32;145.236.0.17
+R;29404;27.007601258466;23;145.236.0.18;145.236.0.17;32;145.236.0.17
+R;29409;27.007601453184;14;145.236.0.9;145.236.0.17;32;145.236.0.17
+R;29500;27.007737945918;22;145.236.0.17;145.236.0.19;32;145.236.0.19
+R;29646;27.009445136884;25;145.236.0.20;145.236.0.13;32;145.236.0.13
+R;29651;27.009445472204;20;145.236.0.15;145.236.0.13;32;145.236.0.13
+R;29656;27.009445491557;9;145.236.0.4;145.236.0.13;32;145.236.0.13
+R;29661;27.009445529927;17;145.236.0.12;145.236.0.13;32;145.236.0.13
+R;29735;27.010395201908;24;145.236.0.19;145.236.0.18;32;145.236.0.18
+R;29740;27.010395203793;8;145.236.0.3;145.236.0.18;32;145.236.0.18
+R;29745;27.010395223292;19;145.236.0.14;145.236.0.18;32;145.236.0.18
+R;29750;27.010395238111;15;145.236.0.10;145.236.0.18;32;145.236.0.18
+R;29755;27.010395288255;7;145.236.0.2;145.236.0.18;32;145.236.0.18
+R;29760;27.010395341966;20;145.236.0.15;145.236.0.18;32;145.236.0.18
+R;29765;27.010395354172;22;145.236.0.17;145.236.0.18;32;145.236.0.18
+R;29770;27.010395516134;9;145.236.0.4;145.236.0.18;32;145.236.0.18
+R;29811;27.010811781836;7;145.236.0.2;145.236.0.10;32;145.236.0.10
+R;29816;27.010812030564;20;145.236.0.15;145.236.0.10;32;145.236.0.10
+R;29821;27.010812159141;19;145.236.0.14;145.236.0.10;32;145.236.0.10
+R;29826;27.010812247174;23;145.236.0.18;145.236.0.10;32;145.236.0.10
+R;29831;27.010812458579;9;145.236.0.4;145.236.0.10;32;145.236.0.10
+R;29836;27.010812544489;25;145.236.0.20;145.236.0.10;32;145.236.0.10
+R;30852;27.524355986424;8;145.236.0.3;145.236.0.8;32;145.236.0.8
*R;30852;27.524355986424;8;145.236.0.3;145.236.0.1;32;145.236.0.8
+R;30984;27.526939957351;9;145.236.0.4;145.236.0.20;32;145.236.0.20
+R;30989;27.526939982731;17;145.236.0.12;145.236.0.20;32;145.236.0.20
+R;30999;27.526940101074;20;145.236.0.15;145.236.0.20;32;145.236.0.20
*R;30999;27.526940101074;20;145.236.0.15;145.236.0.1;32;145.236.0.20
+R;31009;27.526940373506;15;145.236.0.10;145.236.0.20;32;145.236.0.20
*R;31009;27.526940373506;15;145.236.0.10;145.236.0.1;32;145.236.0.20
*R;31014;27.526940385033;7;145.236.0.2;145.236.0.1;32;145.236.0.20
+R;31023;27.526940392656;13;145.236.0.8;145.236.0.20;32;145.236.0.20
*R;31069;27.526950437824;23;145.236.0.18;145.236.0.1;32;145.236.0.3
+R;31230;27.527778777551;25;145.236.0.20;145.236.0.2;32;145.236.0.2
*R;31709;27.53211458909;13;145.236.0.8;145.236.0.2;32;145.236.0.20
-R;32854;28.520719351583;14;145.236.0.9;145.236.0.7;32;145.236.0.7
-R;32856;28.522658056949;8;145.236.0.3;145.236.0.9;32;145.236.0.9
-R;32857;28.522658066993;12;145.236.0.7;145.236.0.9;32;145.236.0.9
-R;32858;28.523587475194;23;145.236.0.18;145.236.0.12;32;145.236.0.12
-R;32859;28.523587561785;24;145.236.0.19;145.236.0.12;32;145.236.0.12
-R;32860;28.523587646523;15;145.236.0.10;145.236.0.12;32;145.236.0.12
*R;36649;35.202002376213;16;145.236.0.11;145.236.0.1;32;145.236.0.7
*R;36659;35.202002882846;13;145.236.0.8;145.236.0.1;32;145.236.0.7
+R;36664;35.202002896456;17;145.236.0.12;145.236.0.7;32;145.236.0.7
*R;36664;35.202002896456;17;145.236.0.12;145.236.0.1;32;145.236.0.7
*R;36664;35.202002896456;17;145.236.0.12;145.236.0.1;32;145.236.0.7
+R;36756;35.203397564144;17;145.236.0.12;145.236.0.5;32;145.236.0.5
-R;36791;35.296683788708;17;145.236.0.12;145.236.0.2;32;145.236.0.2
*R;36880;35.520008354741;16;145.236.0.11;145.236.0.1;32;145.236.0.1
*R;36880;35.520008354741;16;145.236.0.11;145.236.0.1;32;145.236.0.1
+R;36969;35.521605774374;17;145.236.0.12;145.236.0.16;32;145.236.0.16
*R;36969;35.521605774374;17;145.236.0.12;145.236.0.1;32;145.236.0.16
*R;36997;35.521922986468;13;145.236.0.8;145.236.0.1;32;145.236.0.5
+R;37129;35.524765860937;6;145.236.0.1;145.236.0.11;32;145.236.0.11
+R;37212;35.525734428568;22;145.236.0.17;145.236.0.8;32;145.236.0.8
*R;37212;35.525734428568;22;145.236.0.17;145.236.0.1;32;145.236.0.8
+R;37222;35.525734470555;20;145.236.0.15;145.236.0.8;32;145.236.0.8
*R;37222;35.525734470555;20;145.236.0.15;145.236.0.1;32;145.236.0.8
*R;37222;35.525734470555;20;145.236.0.15;145.236.0.1;32;145.236.0.8
+R;37281;35.526781635153;10;145.236.0.5;145.236.0.12;32;145.236.0.12
+R;37286;35.526781657872;12;145.236.0.7;145.236.0.12;32;145.236.0.12
+R;37291;35.526781682561;21;145.236.0.16;145.236.0.12;32;145.236.0.12
+R;37383;35.528589478448;20;145.236.0.15;145.236.0.3;32;145.236.0.3
+R;37393;35.528589641637;13;145.236.0.8;145.236.0.3;32;145.236.0.3
*R;37398;35.528589666487;11;145.236.0.6;145.236.0.1;32;145.236.0.3
*R;37398;35.528589666487;11;145.236.0.6;145.236.0.1;32;145.236.0.3
+R;37403;35.528589668144;15;145.236.0.10;145.236.0.3;32;145.236.0.3
*R;37403;35.528589668144;15;145.236.0.10;145.236.0.1;32;145.236.0.3
+R;37408;35.528589733043;7;145.236.0.2;145.236.0.3;32;145.236.0.3
*R;37408;35.528589733043;7;145.236.0.2;145.236.0.1;32;145.236.0.3
+R;37417;35.528589784698;25;145.236.0.20;145.236.0.3;32;145.236.0.3
+R;37546;35.529024859739;22;145.236.0.17;145.236.0.4;32;145.236.0.4
+R;37553;35.529024991502;24;145.236.0.19;145.236.0.4;32;145.236.0.4
+R;37645;35.529381269411;18;145.236.0.13;145.236.0.14;32;145.236.0.14
*R;37645;35.529381269411;18;145.236.0.13;145.236.0.1;32;145.236.0.14
+R;37729;35.530863101044;15;145.236.0.10;145.236.0.15;32;145.236.0.15
+R;37734;35.530863158441;7;145.236.0.2;145.236.0.15;32;145.236.0.15
+R;37739;35.530863191394;19;145.236.0.14;145.236.0.15;32;145.236.0.15
+R;37744;35.530863385319;25;145.236.0.20;145.236.0.15;32;145.236.0.15
+R;37749;35.530863413155;8;145.236.0.3;145.236.0.15;32;145.236.0.15
+R;37754;35.530863450064;9;145.236.0.4;145.236.0.15;32;145.236.0.15
+R;37759;35.530863466513;23;145.236.0.18;145.236.0.15;32;145.236.0.15
+R;37764;35.530863683299;24;145.236.0.19;145.236.0.15;32;145.236.0.15
+R;37769;35.530863684565;22;145.236.0.17;145.236.0.15;32;145.236.0.15
+R;37774;35.530863714853;13;145.236.0.8;145.236.0.15;32;145.236.0.15
*R;38014;35.999078391577;17;145.236.0.12;145.236.0.1;32;145.236.0.7
*R;38019;35.999078402021;13;145.236.0.8;145.236.0.1;32;145.236.0.7
*R;38366;36.002245627455;15;145.236.0.10;145.236.0.1;32;145.236.0.4
*R;38371;36.002245666373;23;145.236.0.18;145.236.0.1;32;145.236.0.4
*R;38376;36.002245710161;24;145.236.0.19;145.236.0.1;32;145.236.0.4
*R;38381;36.002245807707;7;145.236.0.2;145.236.0.1;32;145.236.0.4
+R;38665;36.00404465331;18;145.236.0.13;145.236.0.10;32;145.236.0.10
+R;38675;36.004044726008;8;145.236.0.3;145.236.0.10;32;145.236.0.10
+R;38785;36.00450085906;8;145.236.0.3;145.236.0.20;32;145.236.0.20
+R;38816;36.004511779905;11;145.236.0.6;145.236.0.18;32;145.236.0.18
*R;38816;36.004511779905;11;145.236.0.6;145.236.0.1;32;145.236.0.18
*R;38816;36.004511779905;11;145.236.0.6;145.236.0.1;32;145.236.0.18
+R;38927;36.005450977205;9;145.236.0.4;145.236.0.17;32;145.236.0.17
+R;38932;36.005451165369;20;145.236.0.15;145.236.0.17;32;145.236.0.17
+R;38937;36.005451173856;13;145.236.0.8;145.236.0.17;32;145.236.0.17
*R;39045;36.007004127197;14;145.236.0.9;145.236.0.1;32;145.236.0.6
+R;39050;36.00700418434;24;145.236.0.19;145.236.0.6;32;145.236.0.6
+R;39060;36.007004425719;23;145.236.0.18;145.236.0.6;32;145.236.0.6
+R;39109;36.007752337042;19;145.236.0.14;145.236.0.13;32;145.236.0.13
+R;39114;36.007752379341;15;145.236.0.10;145.236.0.13;32;145.236.0.13
+R;39119;36.007752535232;7;145.236.0.2;145.236.0.13;32;145.236.0.13
-R;39266;36.197160601741;7;145.236.0.2;145.236.0.12;32;145.236.0.12
+R;39473;36.529428002474;8;145.236.0.3;145.236.0.2;32;145.236.0.2
*R;39649;36.530943494843;13;145.236.0.8;145.236.0.2;32;145.236.0.3
*R;39865;36.637904519082;17;145.236.0.12;145.236.0.1;32;145.236.0.16
*R;39934;36.639213071426;13;145.236.0.8;145.236.0.1;32;145.236.0.5
+R;40145;36.640051485264;10;145.236.0.5;145.236.0.2;32;145.236.0.8
*R;40251;36.641012043527;9;145.236.0.4;145.236.0.1;32;145.236.0.12
*R;40256;36.641012229044;25;145.236.0.20;145.236.0.1;32;145.236.0.12
*R;40261;36.641012332527;19;145.236.0.14;145.236.0.1;32;145.236.0.12
*R;40323;36.641528605294;8;145.236.0.3;145.236.0.1;32;145.236.0.4
*R;40323;36.641528605294;8;145.236.0.3;145.236.0.1;32;145.236.0.4
*R;40347;36.641528727916;22;145.236.0.17;145.236.0.1;32;145.236.0.4
*R;40347;36.641528727916;22;145.236.0.17;145.236.0.1;32;145.236.0.4
*R;40352;36.641528746177;20;145.236.0.15;145.236.0.1;32;145.236.0.4
*R;40352;36.641528746177;20;145.236.0.15;145.236.0.1;32;145.236.0.4
*R;40878;36.643760949787;6;145.236.0.1;145.236.0.2;32;145.236.0.5
*R;40943;36.644034515156;18;145.236.0.13;145.236.0.1;32;145.236.0.10
*R;40943;36.644034515156;18;145.236.0.13;145.236.0.1;32;145.236.0.10
+R;41764;36.741877257304;15;145.236.0.10;145.236.0.2;32;145.236.0.2
+R;41773;36.741877280524;20;145.236.0.15;145.236.0.2;32;145.236.0.2
+R;41822;36.741877784818;18;145.236.0.13;145.236.0.2;32;145.236.0.2
+R;41831;36.741877789414;23;145.236.0.18;145.236.0.2;32;145.236.0.2
+R;41841;36.741877832093;9;145.236.0.4;145.236.0.2;32;145.236.0.2
*R;43244;37.198210787471;17;145.236.0.12;145.236.0.1;32;145.236.0.7
*R;43308;37.198795716673;13;145.236.0.8;145.236.0.1;32;145.236.0.11
*R;43763;37.520904150771;17;145.236.0.12;145.236.0.1;32;145.236.0.16
*R;43807;37.522064808049;13;145.236.0.8;145.236.0.1;32;145.236.0.12
*R;43807;37.522064808049;13;145.236.0.8;145.236.0.1;32;145.236.0.12
*R;43899;37.523032601153;15;145.236.0.10;145.236.0.1;32;145.236.0.14
*R;43909;37.52303283974;20;145.236.0.15;145.236.0.1;32;145.236.0.14
*R;43914;37.523032875443;7;145.236.0.2;145.236.0.1;32;145.236.0.14
*R;43923;37.523033014081;18;145.236.0.13;145.236.0.1;32;145.236.0.14
*R;43923;37.523033014081;18;145.236.0.13;145.236.0.1;32;145.236.0.14
*R;43940;37.523033177678;8;145.236.0.3;145.236.0.1;32;145.236.0.14
*R;44194;37.524955165785;22;145.236.0.17;145.236.0.1;32;145.236.0.8
+R;44199;37.524955183807;15;145.236.0.10;145.236.0.8;32;145.236.0.8
*R;44624;37.642365916638;9;145.236.0.4;145.236.0.2;32;145.236.0.3
*R;44624;37.642365916638;9;145.236.0.4;145.236.0.2;32;145.236.0.3
+R;44681;37.646938440279;17;145.236.0.12;145.236.0.2;32;145.236.0.4
*R;44842;37.652101391279;21;145.236.0.16;145.236.0.2;32;145.236.0.12
*R;44842;37.652101391279;21;145.236.0.16;145.236.0.2;32;145.236.0.12
*R;44899;37.656470419688;6;145.236.0.1;145.236.0.2;32;145.236.0.16
*R;44899;37.656470419688;6;145.236.0.1;145.236.0.2;32;145.236.0.16
+R;45477;37.661981542219;18;145.236.0.13;145.236.0.3;32;145.236.0.14
+R;45489;37.661981788197;17;145.236.0.12;145.236.0.3;32;145.236.0.14
+R;45650;37.663502238637;14;145.236.0.9;145.236.0.3;32;145.236.0.6
+R;45707;37.663671243514;11;145.236.0.6;145.236.0.19;32;145.236.0.19
+R;45712;37.663671408998;9;145.236.0.4;145.236.0.19;32;145.236.0.19
+R;45717;37.663671506427;20;145.236.0.15;145.236.0.19;32;145.236.0.19
+R;45997;37.66654885587;13;145.236.0.8;145.236.0.10;32;145.236.0.10
*R;46228;37.742714103361;7;145.236.0.2;145.236.0.1;32;145.236.0.10
*R;46228;37.742714103361;7;145.236.0.2;145.236.0.1;32;145.236.0.10
*R;47355;38.516093169193;17;145.236.0.12;145.236.0.1;32;145.236.0.5
*R;47537;38.519448393017;7;145.236.0.2;145.236.0.1;32;145.236.0.14
*R;47537;38.519448393017;7;145.236.0.2;145.236.0.1;32;145.236.0.14
*R;47986;38.52224001149;22;145.236.0.17;145.236.0.1;32;145.236.0.4
*R;48925;39.001938612449;15;145.236.0.10;145.236.0.1;32;145.236.0.8
*R;48930;39.001938616911;8;145.236.0.3;145.236.0.1;32;145.236.0.8
*R;48935;39.00193863876;22;145.236.0.17;145.236.0.1;32;145.236.0.8
*R;48940;39.001938684397;20;145.236.0.15;145.236.0.1;32;145.236.0.8
*R;49115;39.003407033427;11;145.236.0.6;145.236.0.1;32;145.236.0.3
*R;49153;39.004013752219;7;145.236.0.2;145.236.0.1;32;145.236.0.15
*R;49153;39.004013752219;7;145.236.0.2;145.236.0.1;32;145.236.0.15
-R;49285;39.004502877204;11;145.236.0.6;145.236.0.8;32;145.236.0.8
*R;49359;39.005814665108;18;145.236.0.13;145.236.0.1;32;145.236.0.20
+R;49582;39.007689788547;23;145.236.0.18;145.236.0.19;32;145.236.0.19
+R;49587;39.007689903026;8;145.236.0.3;145.236.0.19;32;145.236.0.19
*R;49803;39.008706604003;13;145.236.0.8;145.236.0.2;32;145.236.0.15
*R;49903;39.009198017222;17;145.236.0.12;145.236.0.2;32;145.236.0.8
-R;49926;39.009445472204;20;145.236.0.15;145.236.0.13;32;145.236.0.13
-R;49927;39.009445491557;9;145.236.0.4;145.236.0.13;32;145.236.0.13
-R;49928;39.009445529927;17;145.236.0.12;145.236.0.13;32;145.236.0.13
*R;50123;39.013954683601;10;145.236.0.5;145.236.0.2;32;145.236.0.12
*R;50123;39.013954683601;10;145.236.0.5;145.236.0.2;32;145.236.0.12
*R;50178;39.015110804217;6;145.236.0.1;145.236.0.2;32;145.236.0.5
-R;51726;39.523312487299;11;145.236.0.6;145.236.0.7;32;145.236.0.7
-R;51727;39.524022140087;11;145.236.0.6;145.236.0.11;32;145.236.0.11
-R;51729;39.524776538514;16;145.236.0.11;145.236.0.6;32;145.236.0.6
-R;51730;39.52477655125;13;145.236.0.8;145.236.0.6;32;145.236.0.6
-R;51731;39.524776623594;12;145.236.0.7;145.236.0.6;32;145.236.0.6
-R;51734;39.528828642492;20;145.236.0.15;145.236.0.12;32;145.236.0.12
-R;51735;39.528828864931;18;145.236.0.13;145.236.0.12;32;145.236.0.12
-R;51736;39.529357201206;22;145.236.0.17;145.236.0.9;32;145.236.0.9
-R;51737;39.529468238552;18;145.236.0.13;145.236.0.4;32;145.236.0.4
-R;51738;39.530018166685;14;145.236.0.9;145.236.0.17;32;145.236.0.17
*R;52534;41.199089098812;17;145.236.0.12;145.236.0.1;32;145.236.0.16
*R;53136;41.529926423751;19;145.236.0.14;145.236.0.1;32;145.236.0.8
*R;53136;41.529926423751;19;145.236.0.14;145.236.0.1;32;145.236.0.8
+R;53146;41.529926492208;18;145.236.0.13;145.236.0.8;32;145.236.0.8
*R;53146;41.529926492208;18;145.236.0.13;145.236.0.1;32;145.236.0.8
*R;53232;41.530627715401;7;145.236.0.2;145.236.0.1;32;145.236.0.20
*R;53232;41.530627715401;7;145.236.0.2;145.236.0.1;32;145.236.0.20
*R;53241;41.530627725278;20;145.236.0.15;145.236.0.1;32;145.236.0.20
+R;53266;41.530628008141;22;145.236.0.17;145.236.0.20;32;145.236.0.20
+R;53272;41.530628053683;23;145.236.0.18;145.236.0.20;32;145.236.0.20
*R;53272;41.530628053683;23;145.236.0.18;145.236.0.1;32;145.236.0.20
+R;53322;41.530731558313;11;145.236.0.6;145.236.0.4;32;145.236.0.4
*R;53322;41.530731558313;11;145.236.0.6;145.236.0.1;32;145.236.0.4
*R;53322;41.530731558313;11;145.236.0.6;145.236.0.1;32;145.236.0.4
*R;54005;42.00318514921;23;145.236.0.18;145.236.0.1;32;145.236.0.4
*R;54017;42.003185328573;20;145.236.0.15;145.236.0.1;32;145.236.0.4
*R;54067;42.003960504379;14;145.236.0.9;145.236.0.1;32;145.236.0.6
+R;54082;42.003960747597;9;145.236.0.4;145.236.0.6;32;145.236.0.6
+R;54225;42.004671037253;25;145.236.0.20;145.236.0.18;32;145.236.0.18
*R;55416;42.643433034949;22;145.236.0.17;145.236.0.1;32;145.236.0.4
*R;55436;42.643433206131;8;145.236.0.3;145.236.0.1;32;145.236.0.4
*R;55456;42.643433420475;15;145.236.0.10;145.236.0.1;32;145.236.0.4
+R;55555;42.643905155494;25;145.236.0.20;145.236.0.17;32;145.236.0.17
*R;55630;42.645247499201;19;145.236.0.14;145.236.0.1;32;145.236.0.20
*R;55644;42.645247740654;18;145.236.0.13;145.236.0.1;32;145.236.0.20
+R;56178;42.648279382005;13;145.236.0.8;145.236.0.13;32;145.236.0.13
*R;56683;42.810160455871;13;145.236.0.8;145.236.0.2;32;145.236.0.10
*R;56693;42.810160565774;9;145.236.0.4;145.236.0.2;32;145.236.0.10
+R;56698;42.810160656496;22;145.236.0.17;145.236.0.10;32;145.236.0.10
+R;56698;42.810160656496;22;145.236.0.17;145.236.0.2;32;145.236.0.10
*R;56738;42.810612069524;23;145.236.0.18;145.236.0.2;32;145.236.0.17
*R;56738;42.810612069524;23;145.236.0.18;145.236.0.2;32;145.236.0.17
+R;56743;42.810612133898;24;145.236.0.19;145.236.0.2;32;145.236.0.17
+R;56763;42.810612546874;11;145.236.0.6;145.236.0.2;32;145.236.0.17
+R;56778;42.810612742606;15;145.236.0.10;145.236.0.17;32;145.236.0.17
*R;56896;42.811195335834;17;145.236.0.12;145.236.0.2;32;145.236.0.4
+R;57406;42.815369045838;14;145.236.0.9;145.236.0.2;32;145.236.0.6
+R;57513;42.818014505578;12;145.236.0.7;145.236.0.2;32;145.236.0.16
*R;57518;42.818014607554;6;145.236.0.1;145.236.0.2;32;145.236.0.16
+R;57523;42.818014674076;16;145.236.0.11;145.236.0.2;32;145.236.0.16
*R;57528;42.818014689027;10;145.236.0.5;145.236.0.2;32;145.236.0.16
*R;57528;42.818014689027;10;145.236.0.5;145.236.0.2;32;145.236.0.16
*R;58838;43.652717685001;6;145.236.0.1;145.236.0.2;32;145.236.0.16
+R;60157;43.857830647504;24;145.236.0.19;145.236.0.20;32;145.236.0.17
+R;60177;43.857831076297;11;145.236.0.6;145.236.0.20;32;145.236.0.17
+R;60531;43.861666933115;21;145.236.0.16;145.236.0.20;32;145.236.0.12
+R;60542;43.861667145996;18;145.236.0.13;145.236.0.12;32;145.236.0.12
*R;60926;44.178962748566;24;145.236.0.19;145.236.0.20;32;145.236.0.3
+R;61361;44.181792865337;14;145.236.0.9;145.236.0.20;32;145.236.0.6
+R;61633;44.184018078293;12;145.236.0.7;145.236.0.20;32;145.236.0.16
+R;61638;44.184018158702;6;145.236.0.1;145.236.0.20;32;145.236.0.16
+R;61647;44.184018272077;16;145.236.0.11;145.236.0.20;32;145.236.0.16
+R;61652;44.184018311641;10;145.236.0.5;145.236.0.20;32;145.236.0.16
*R;62543;44.201137301896;25;145.236.0.20;145.236.0.2;32;145.236.0.13
*R;62543;44.201137301896;25;145.236.0.20;145.236.0.2;32;145.236.0.13
*R;62553;44.201137492114;13;145.236.0.8;145.236.0.2;32;145.236.0.13
+R;62564;44.201137633796;17;145.236.0.12;145.236.0.13;32;145.236.0.13
*R;62564;44.201137633796;17;145.236.0.12;145.236.0.2;32;145.236.0.13
*R;62564;44.201137633796;17;145.236.0.12;145.236.0.2;32;145.236.0.13
*R;62747;44.201593038273;24;145.236.0.19;145.236.0.2;32;145.236.0.3
*R;62747;44.201593038273;24;145.236.0.19;145.236.0.2;32;145.236.0.3
*R;62814;44.202522610582;23;145.236.0.18;145.236.0.2;32;145.236.0.15
*R;62814;44.202522610582;23;145.236.0.18;145.236.0.2;32;145.236.0.15
-R;62946;44.295730454876;21;145.236.0.16;145.236.0.8;32;145.236.0.8
*R;63092;44.521855435117;22;145.236.0.17;145.236.0.2;32;145.236.0.3
*R;63097;44.521855447441;23;145.236.0.18;145.236.0.2;32;145.236.0.3
*R;63102;44.521855615793;25;145.236.0.20;145.236.0.2;32;145.236.0.3
*R;63121;44.521855690101;9;145.236.0.4;145.236.0.2;32;145.236.0.3
*R;63314;44.522693156417;8;145.236.0.3;145.236.0.1;32;145.236.0.20
*R;63364;44.522864408354;11;145.236.0.6;145.236.0.2;32;145.236.0.19
*R;63401;44.523078747698;13;145.236.0.8;145.236.0.2;32;145.236.0.4
*R;63401;44.523078747698;13;145.236.0.8;145.236.0.2;32;145.236.0.4
*R;63416;44.52307896011;17;145.236.0.12;145.236.0.2;32;145.236.0.4
*R;63416;44.52307896011;17;145.236.0.12;145.236.0.2;32;145.236.0.4
+R;63775;44.525003558172;17;145.236.0.12;145.236.0.10;32;145.236.0.10
*R;64061;44.526610019273;7;145.236.0.2;145.236.0.1;32;145.236.0.3
*R;64061;44.526610019273;7;145.236.0.2;145.236.0.1;32;145.236.0.3
-R;64880;45.198113983809;13;145.236.0.8;145.236.0.16;32;145.236.0.16
*R;65121;45.201976057936;18;145.236.0.13;145.236.0.1;32;145.236.0.12
*R;65121;45.201976057936;18;145.236.0.13;145.236.0.1;32;145.236.0.12
*R;65177;45.206510909974;7;145.236.0.2;145.236.0.1;32;145.236.0.13
*R;65177;45.206510909974;7;145.236.0.2;145.236.0.1;32;145.236.0.13
-R;66494;46.741528999805;7;145.236.0.2;145.236.0.4;32;145.236.0.4
-R;67106;47.524765863765;17;145.236.0.12;145.236.0.11;32;145.236.0.11
-R;67107;47.526781687703;16;145.236.0.11;145.236.0.12;32;145.236.0.12
-R;67110;47.529381487278;23;145.236.0.18;145.236.0.14;32;145.236.0.14
-R;67220;48.00180152749;16;145.236.0.11;145.236.0.8;32;145.236.0.8
-R;67221;48.001801560303;12;145.236.0.7;145.236.0.8;32;145.236.0.8
-R;67594;48.531457811643;13;145.236.0.8;145.236.0.7;32;145.236.0.7
-R;67615;48.641012421132;12;145.236.0.7;145.236.0.12;32;145.236.0.12
-R;67616;48.642983974076;19;145.236.0.14;145.236.0.18;32;145.236.0.18
-R;67617;48.644714175308;10;145.236.0.5;145.236.0.8;32;145.236.0.8
-R;67721;49.113369065955;19;145.236.0.14;145.236.0.12;32;145.236.0.12
-R;67885;49.198210787471;17;145.236.0.12;145.236.0.7;32;145.236.0.7
*R;67891;49.198553744537;10;145.236.0.5;145.236.0.1;32;145.236.0.11
*R;67891;49.198553744537;10;145.236.0.5;145.236.0.1;32;145.236.0.11
-R;67922;49.198795716673;13;145.236.0.8;145.236.0.11;32;145.236.0.11
+R;68263;49.523797414809;15;145.236.0.10;145.236.0.12;32;145.236.0.12
*R;68263;49.523797414809;15;145.236.0.10;145.236.0.1;32;145.236.0.12
*R;68263;49.523797414809;15;145.236.0.10;145.236.0.1;32;145.236.0.12
-R;68363;49.524497797948;13;145.236.0.8;145.236.0.5;32;145.236.0.5
*R;68384;49.524608615823;25;145.236.0.20;145.236.0.1;32;145.236.0.8
*R;68384;49.524608615823;25;145.236.0.20;145.236.0.1;32;145.236.0.8
*R;68389;49.524608697574;22;145.236.0.17;145.236.0.1;32;145.236.0.8
*R;68394;49.524608699676;9;145.236.0.4;145.236.0.1;32;145.236.0.8
*R;68394;49.524608699676;9;145.236.0.4;145.236.0.1;32;145.236.0.8
*R;68399;49.524608732113;19;145.236.0.14;145.236.0.1;32;145.236.0.8
*R;68462;49.525233242758;7;145.236.0.2;145.236.0.1;32;145.236.0.10
*R;68476;49.52523343558;8;145.236.0.3;145.236.0.1;32;145.236.0.10
*R;68688;49.526821410827;17;145.236.0.12;145.236.0.2;32;145.236.0.10
*R;68688;49.526821410827;17;145.236.0.12;145.236.0.2;32;145.236.0.10
*R;68856;49.530900230916;21;145.236.0.16;145.236.0.2;32;145.236.0.12
-R;69363;49.663502461369;8;145.236.0.3;145.236.0.6;32;145.236.0.6
-R;69364;49.664481014847;15;145.236.0.10;145.236.0.18;32;145.236.0.18
-R;69365;49.666548894642;23;145.236.0.18;145.236.0.10;32;145.236.0.10
-R;69908;50.295730680754;10;145.236.0.5;145.236.0.12;32;145.236.0.12
-R;69952;50.519448647976;9;145.236.0.4;145.236.0.14;32;145.236.0.14
-R;69953;50.519448823067;17;145.236.0.12;145.236.0.14;32;145.236.0.14
-R;70058;51.002701160204;19;145.236.0.14;145.236.0.4;32;145.236.0.4
-R;70059;51.003407033427;11;145.236.0.6;145.236.0.3;32;145.236.0.3
-R;70062;51.007770505454;7;145.236.0.2;145.236.0.18;32;145.236.0.18
-R;70361;51.198113151139;20;145.236.0.15;145.236.0.8;32;145.236.0.8
-R;70410;51.198589975471;13;145.236.0.8;145.236.0.15;32;145.236.0.15
-R;70456;51.199066197909;17;145.236.0.12;145.236.0.5;32;145.236.0.5
-R;71301;53.101981542219;18;145.236.0.13;145.236.0.3;32;145.236.0.14
-R;71302;53.101981788197;17;145.236.0.12;145.236.0.3;32;145.236.0.14
-R;71304;53.103502238637;14;145.236.0.9;145.236.0.3;32;145.236.0.6
-R;71817;53.757959936312;24;145.236.0.19;145.236.0.1;32;145.236.0.4
-R;71818;53.757959955057;23;145.236.0.18;145.236.0.1;32;145.236.0.4
-R;71819;53.757960279244;11;145.236.0.6;145.236.0.1;32;145.236.0.4
-R;71885;54.003022285168;8;145.236.0.3;145.236.0.8;32;145.236.0.8
-R;72398;54.647501209981;13;145.236.0.8;145.236.0.3;32;145.236.0.3
-R;72439;54.814752239694;23;145.236.0.18;145.236.0.19;32;145.236.0.19
-R;72440;54.814752249595;22;145.236.0.17;145.236.0.19;32;145.236.0.19
-R;72441;54.814752530383;9;145.236.0.4;145.236.0.19;32;145.236.0.19
-R;72946;55.298589976334;25;145.236.0.20;145.236.0.12;32;145.236.0.12
-R;73049;55.857831079982;25;145.236.0.20;145.236.0.17;32;145.236.0.17
-R;73050;55.857831175944;13;145.236.0.8;145.236.0.17;32;145.236.0.17
-R;73051;55.857831209618;15;145.236.0.10;145.236.0.17;32;145.236.0.17
-R;73055;55.861329690531;11;145.236.0.6;145.236.0.4;32;145.236.0.4
-R;73131;56.177466633166;15;145.236.0.10;145.236.0.20;32;145.236.0.20
-R;73132;56.17746679441;19;145.236.0.14;145.236.0.20;32;145.236.0.20
-R;73133;56.177466950841;7;145.236.0.2;145.236.0.20;32;145.236.0.20
-R;73134;56.177466999063;20;145.236.0.15;145.236.0.20;32;145.236.0.20
-R;73135;56.177467044759;13;145.236.0.8;145.236.0.20;32;145.236.0.20
-R;73136;56.177467130653;9;145.236.0.4;145.236.0.20;32;145.236.0.20
-R;73137;56.177467153924;22;145.236.0.17;145.236.0.20;32;145.236.0.20
-R;73138;56.177467269756;23;145.236.0.18;145.236.0.20;32;145.236.0.20
-R;73139;56.179384215981;9;145.236.0.4;145.236.0.18;32;145.236.0.18
-R;73140;56.179384503208;25;145.236.0.20;145.236.0.18;32;145.236.0.18
-R;73143;56.181792731567;24;145.236.0.19;145.236.0.6;32;145.236.0.6
-R;73144;56.181792896981;23;145.236.0.18;145.236.0.6;32;145.236.0.6
-R;73145;56.181792973634;22;145.236.0.17;145.236.0.6;32;145.236.0.6
-R;73146;56.18179311176;9;145.236.0.4;145.236.0.6;32;145.236.0.6
-R;73147;56.181902266943;8;145.236.0.3;145.236.0.19;32;145.236.0.19
-R;73148;56.181902508166;20;145.236.0.15;145.236.0.19;32;145.236.0.19
-R;73149;56.182269747452;11;145.236.0.6;145.236.0.9;32;145.236.0.9
-R;73151;56.184018311641;10;145.236.0.5;145.236.0.16;32;145.236.0.16
-R;73152;56.185135362769;21;145.236.0.16;145.236.0.5;32;145.236.0.5
-R;73153;56.185135541215;6;145.236.0.1;145.236.0.5;32;145.236.0.5
-R;73155;56.190458831453;17;145.236.0.12;145.236.0.20;32;145.236.0.20
-R;73537;56.201279237125;20;145.236.0.15;145.236.0.10;32;145.236.0.10
-R;73538;56.201279408875;9;145.236.0.4;145.236.0.10;32;145.236.0.10
-R;73539;56.202522286524;8;145.236.0.3;145.236.0.15;32;145.236.0.15
-R;73540;56.202522544207;25;145.236.0.20;145.236.0.15;32;145.236.0.15
-R;73541;56.202522610101;22;145.236.0.17;145.236.0.15;32;145.236.0.15
-R;73542;56.202522626758;15;145.236.0.10;145.236.0.15;32;145.236.0.15
-R;73543;56.202522638621;19;145.236.0.14;145.236.0.15;32;145.236.0.15
-R;73544;56.202522823103;9;145.236.0.4;145.236.0.15;32;145.236.0.15
-R;73545;56.203435766884;25;145.236.0.20;145.236.0.14;32;145.236.0.14
-R;73546;56.203435810842;7;145.236.0.2;145.236.0.14;32;145.236.0.14
-R;73547;56.203435843764;18;145.236.0.13;145.236.0.14;32;145.236.0.14
-R;73548;56.203436246092;13;145.236.0.8;145.236.0.14;32;145.236.0.14
-R;73617;56.52091921967;19;145.236.0.14;145.236.0.2;32;145.236.0.2
-R;73618;56.520919242158;20;145.236.0.15;145.236.0.2;32;145.236.0.2
-R;73619;56.521855338467;20;145.236.0.15;145.236.0.3;32;145.236.0.3
-R;73620;56.521855435117;22;145.236.0.17;145.236.0.3;32;145.236.0.3
-R;73621;56.521855447441;23;145.236.0.18;145.236.0.3;32;145.236.0.3
-R;73622;56.521855627962;24;145.236.0.19;145.236.0.3;32;145.236.0.3
-R;73623;56.521855745054;15;145.236.0.10;145.236.0.3;32;145.236.0.3
-R;73624;56.521855825056;19;145.236.0.14;145.236.0.3;32;145.236.0.3
-R;73626;56.522864408354;11;145.236.0.6;145.236.0.19;32;145.236.0.19
-R;73628;56.523078555528;22;145.236.0.17;145.236.0.4;32;145.236.0.4
-R;73629;56.523078682004;24;145.236.0.19;145.236.0.4;32;145.236.0.4
-R;73630;56.523078713101;23;145.236.0.18;145.236.0.4;32;145.236.0.4
-R;73631;56.523078747698;13;145.236.0.8;145.236.0.4;32;145.236.0.4
-R;73632;56.523078872286;25;145.236.0.20;145.236.0.4;32;145.236.0.4
-R;73633;56.523078993107;15;145.236.0.10;145.236.0.4;32;145.236.0.4
-R;73634;56.52307902594;20;145.236.0.15;145.236.0.4;32;145.236.0.4
-R;73635;56.523588086573;22;145.236.0.17;145.236.0.18;32;145.236.0.18
-R;73636;56.52358810515;24;145.236.0.19;145.236.0.18;32;145.236.0.18
-R;73637;56.523588261493;8;145.236.0.3;145.236.0.18;32;145.236.0.18
-R;73638;56.523588490319;20;145.236.0.15;145.236.0.18;32;145.236.0.18
-R;73639;56.523588511639;11;145.236.0.6;145.236.0.18;32;145.236.0.18
-R;73640;56.524790501061;23;145.236.0.18;145.236.0.17;32;145.236.0.17
-R;73641;56.524790578825;24;145.236.0.19;145.236.0.17;32;145.236.0.17
-R;73642;56.52479065172;9;145.236.0.4;145.236.0.17;32;145.236.0.17
-R;73643;56.52479066362;8;145.236.0.3;145.236.0.17;32;145.236.0.17
-R;73644;56.524790897515;20;145.236.0.15;145.236.0.17;32;145.236.0.17
-R;73645;56.524791018577;11;145.236.0.6;145.236.0.17;32;145.236.0.17
-R;73646;56.525305326622;15;145.236.0.10;145.236.0.14;32;145.236.0.14
-R;73647;56.525305728422;20;145.236.0.15;145.236.0.14;32;145.236.0.14
-R;73648;56.525305843829;8;145.236.0.3;145.236.0.14;32;145.236.0.14
-R;73649;56.525586884041;7;145.236.0.2;145.236.0.15;32;145.236.0.15
-R;73650;56.525587094325;23;145.236.0.18;145.236.0.15;32;145.236.0.15
-R;73651;56.525587279126;24;145.236.0.19;145.236.0.15;32;145.236.0.15
-R;73652;56.526060024779;8;145.236.0.3;145.236.0.4;32;145.236.0.4
-R;73653;56.526735348392;14;145.236.0.9;145.236.0.6;32;145.236.0.6
-R;74009;57.197636935544;7;145.236.0.2;145.236.0.3;32;145.236.0.3
-R;74103;57.198589976334;25;145.236.0.20;145.236.0.3;32;145.236.0.3
-R;74204;57.299427461992;18;145.236.0.13;145.236.0.20;32;145.236.0.20
-R;74305;57.846050556597;14;145.236.0.9;145.236.0.1;32;145.236.0.6
-R;74322;57.923433404507;20;145.236.0.15;145.236.0.1;32;145.236.0.4
-R;74358;58.018014505578;12;145.236.0.7;145.236.0.2;32;145.236.0.16
-R;74359;58.018014674076;16;145.236.0.11;145.236.0.2;32;145.236.0.16
-R;74360;58.018014689027;10;145.236.0.5;145.236.0.2;32;145.236.0.16
-R;74800;58.296206968307;17;145.236.0.12;145.236.0.4;32;145.236.0.4
-R;75113;59.196683802393;9;145.236.0.4;145.236.0.3;32;145.236.0.3
-R;75113;59.196683802393;9;145.236.0.4;145.236.0.12;32;145.236.0.12
-R;75167;59.197160506305;8;145.236.0.3;145.236.0.2;32;145.236.0.2
-R;75167;59.197160506305;8;145.236.0.3;145.236.0.20;32;145.236.0.20
-R;75252;59.198113720266;18;145.236.0.13;145.236.0.2;32;145.236.0.2
-R;75443;59.541792865337;14;145.236.0.9;145.236.0.20;32;145.236.0.6
-R;75444;59.544018078293;12;145.236.0.7;145.236.0.20;32;145.236.0.16
-R;75445;59.544018158702;6;145.236.0.1;145.236.0.20;32;145.236.0.16
-R;75446;59.544018272077;16;145.236.0.11;145.236.0.20;32;145.236.0.16
-R;75447;59.544018311641;10;145.236.0.5;145.236.0.20;32;145.236.0.16
-R;75460;59.618882477809;21;145.236.0.16;145.236.0.20;32;145.236.0.12
-R;75461;59.618962748566;24;145.236.0.19;145.236.0.20;32;145.236.0.3
-R;75462;59.61908553891;11;145.236.0.6;145.236.0.20;32;145.236.0.17
-R;75498;59.806735348392;14;145.236.0.9;145.236.0.2;32;145.236.0.6
-R;75514;59.882864408354;11;145.236.0.6;145.236.0.2;32;145.236.0.19
-R;75515;59.883078747698;13;145.236.0.8;145.236.0.2;32;145.236.0.4
-R;75530;59.961855435117;22;145.236.0.17;145.236.0.2;32;145.236.0.3
-R;75531;59.961855447441;23;145.236.0.18;145.236.0.2;32;145.236.0.3
-R;75532;59.961855615793;25;145.236.0.20;145.236.0.2;32;145.236.0.3
-R;75533;59.961855627962;24;145.236.0.19;145.236.0.2;32;145.236.0.3
-R;75534;59.961855690101;9;145.236.0.4;145.236.0.2;32;145.236.0.3
